<?xml version="1.0" encoding="utf-8"?>
<extension version="2.5" type="component" method="upgrade">
	<name>NoNumber Installer</name>
	<description>COM_NONUMBERINSTALLER_DESC</description>
	<version>15.5.4</version>
	<creationDate>May 2015</creationDate>
	<author>NoNumber (Peter van Westen)</author>
	<authorEmail>peter@nonumber.nl</authorEmail>
	<authorUrl>http://www.nonumber.nl</authorUrl>
	<copyright>Copyright © 2015 NoNumber All Rights Reserved</copyright>
	<license>http://www.gnu.org/licenses/gpl-2.0.html GNU/GPL</license>

	<scriptfile>script.install.php</scriptfile>

	<administration>
		<files>
			<filename>install.xml</filename>
			<filename>extensions.php</filename>
			<filename>index.html</filename>
			<folder>extensions</folder>
			<folder>framework</folder>
			<folder>language</folder>
		</files>

		<languages folder="language/admin">
			<language tag="en-GB">en-GB/en-GB.com_nonumberinstaller.ini</language>
		</languages>
	</administration>
</extension>
