<?xml version="1.0" encoding="utf-8"?>
<extension version="2.5" type="component" method="upgrade">
	<name>com_advancedmodules</name>
	<description>COM_ADVANCEDMODULES_DESC</description>
	<version>4.22.9FREE</version>
	<creationDate>June 2015</creationDate>
	<author>NoNumber (Peter van Westen)</author>
	<authorEmail>peter@nonumber.nl</authorEmail>
	<authorUrl>http://www.nonumber.nl</authorUrl>
	<copyright>Copyright © 2015 NoNumber All Rights Reserved</copyright>
	<license>http://www.gnu.org/licenses/gpl-2.0.html GNU/GPL</license>

	<administration>
		<menu>com_advancedmodules</menu>
	</administration>

	<!-- installation/uninstallation -->
	<scriptfile>script.advancedmodules.php</scriptfile>
</extension>
